Variation,Completed Clients,Completion Rate (%)
Control,15286,65.49832890564744
Test,18496,69.21378587733413
